energy_metric,wealth_metric,pearson_r,pearson_p,spearman_r,spearman_p,n
household_elec_per_capita_mwh_2024,capital_median_2022,0.42914600355465626,1.4946958588574394e-08,0.5461428435565491,8.049780231489851e-14,160
total_elec_per_capita_mwh_2024,income_median_2022,-0.19409230408031128,0.013921648732672648,-0.23130072891757522,0.0032523511710300587,160
total_elec_per_capita_mwh_2024,income_avg_2022,-0.18191480451354863,0.02132034706921954,-0.25732798346154767,0.0010200133722560309,160
total_elec_per_capita_mwh_2024,capital_median_2022,-0.12678140439918076,0.11014286224491189,-0.08616114004846673,0.27866087265605954,160
total_elec_per_capita_mwh_2024,capital_avg_2022,-0.11273771154410334,0.15578830420187434,-0.15789928588320468,0.04613531654734074,160
household_elec_per_capita_mwh_2024,income_median_2022,0.07216981224538589,0.3644546213121517,0.15903728842427833,0.04456785305899319,160
household_elec_per_capita_mwh_2024,income_avg_2022,-0.05318677695225043,0.5041569142522729,0.02034651631179585,0.7984343709376671,160
household_elec_per_capita_mwh_2024,capital_avg_2022,0.00039485594079775865,0.9960461667363733,0.24002490392170997,0.0022347845819661372,160
